Projeto_ID,Segmento,Status,Sub-issues progress,Interveniência com o IA-UPE,Convênio ou acordo,Edital,Acordo/convênio n.º,Aditivo n.º,Tipo de aditivo,Empresa,CNPJ,Coordenador,E-mail,Telefone,SEI,Valor pactuado,Valor repassado,Valor executado,Valor contrapartida,Valor agência,Valor unidade,Valor IA-UPE,Data publicação,Publicação,Link de acesso ao PTA,InícioData,TérminoData,Ano do Projeto
PROJ-001,Tecnologia,Concluído,"97,00%",Não,Convênio,Edital 243/2024,5335/2021,4,Outros,Marques,04.693.725/0001-63,Davi Miguel Correia,sjesus@example.com,(081) 0333-4276,7837672-6,"247.645,08","155.402,22","330.677,62","15.927,57","15.193,95","12.207,12","3.244,50",01/02/2021,Tenetur ratione est.,http://www.montenegro.com/,12/09/2020,12/12/2021,2021
PROJ-002,Saúde,Concluído,"71,00%",Não,Convênio,Edital 998/2020,8746/2025,2,Outros,da Mota,25.630.179/0001-91,Vitor Hugo Silva,pda-luz@example.com,41 1097 8553,5776867-4,"24.101,92","107.705,31","116.560,06","8.346,72","9.080,19","3.632,00","34.153,99",01/01/2021,Consectetur voluptas harum.,https://www.pacheco.br/,01/09/2019,18/01/2021,2021
PROJ-003,Educação,Concluído,"15,00%",Não,Acordo,Edital 774/2020,9680/2018,1,Prorrogação,Jesus,43.652.879/0001-69,Dr. Gustavo Henrique Pereira,isabellymarques@example.net,#ERROR!,4730233-0,"236.867,99","292.908,44","422.350,36","25.178,63","10.840,32","4.081,20","44.324,40",07/02/2021,Consequatur ut suscipit.,https://moraes.br/,10/04/2019,16/11/2021,2021
PROJ-004,Segurança,Concluído,"77,00%",Sim,Acordo,Edital 978/2022,1412/2018,5,Outros,Martins,43.182.790/0001-86,Dr. Pedro Miguel Barbosa,maria-julialima@example.com,81 0546 6868,7279956-7,"92.613,85","344.394,85","140.485,02","27.443,56","11.993,52","1.335,37","42.105,72",29/10/2021,Recusandae ratione corporis.,http://www.farias.com/,07/02/2020,20/08/2021,2021
PROJ-005,Educação,Concluído,"64,00%",Não,Convênio,Edital 905/2020,5346/2023,2,Prorrogação,Alves S.A.,83.092.645/0001-29,Antonella da Conceição,maria-lauradias@example.com,0800-689-3064,9454907-7,"449.934,50","297.587,87","103.874,15","27.033,64","8.330,06","8.868,23","46.028,47",04/10/2021,Sequi natus optio similique.,https://www.albuquerque.net/,04/02/2019,23/03/2021,2021
PROJ-006,Segurança,Em andamento,"43,00%",Não,Convênio,Edital 186/2021,5592/2024,4,Reajuste,da Cruz Nunes S.A.,53.927.416/0001-16,Luiza da Mata,maria-alicerodrigues@example.org,0800-044-2070,9196673-7,"93.855,06","112.497,77","285.822,15","16.448,23","9.426,77","4.396,84","13.645,25",10/11/2021,Tenetur quaerat assumenda.,https://nogueira.com/,25/01/2019,09/06/2021,2021
PROJ-007,Educação,Concluído,"56,00%",Sim,Convênio,Edital 788/2020,8025/2021,2,Prorrogação,da Costa Siqueira e Filhos,96.740.318/0001-88,Emilly Porto,mathiasgoncalves@example.com,#ERROR!,2969878-9,"485.527,48","111.064,04","131.851,40","25.492,73","12.712,44","12.790,02","11.380,25",13/06/2021,Dolore molestiae vel maiores.,http://ribeiro.com/,08/02/2020,09/02/2021,2021
PROJ-008,Segurança,Em andamento,"76,00%",Sim,Convênio,Edital 724/2024,8636/2019,1,Outros,Garcia,45.768.913/0001-90,Vitória Albuquerque,muriloteixeira@example.net,#ERROR!,9446752-8,"18.328,76","174.652,15","389.393,01","5.624,01","14.674,88","9.615,57","24.921,62",10/08/2021,Consequuntur enim vel nihil.,https://www.caldeira.br/,11/06/2019,27/07/2021,2021
PROJ-009,Educação,Em andamento,"11,00%",Não,Convênio,Edital 419/2022,9517/2024,5,Prorrogação,da Rocha,70.321.496/0001-80,Mateus Lima,giovanna07@example.org,41 8527-9713,9753266-4,"119.263,02","393.409,73","199.670,93","24.763,20","7.922,11","1.268,40","49.896,39",14/07/2021,Minima fugiat voluptas.,http://www.rodrigues.com/,15/02/2020,09/07/2021,2021
PROJ-010,Segurança,Aberto,"57,00%",Não,Convênio,Edital 608/2020,5913/2021,5,Outros,da Rosa,75.648.913/0001-18,Giovanna Novais,moraestheodoro@example.org,0300 898 9631,1027929-8,"246.964,75","341.085,00","444.902,54","4.122,37","16.737,72","6.871,69","42.380,49",17/05/2021,Nam officia velit nemo.,https://siqueira.br/,15/04/2019,23/12/2021,2021
PROJ-011,Tecnologia,Concluído,"20,00%",Sim,Acordo,Edital 604/2023,8054/2019,4,Reajuste,das Neves Pimenta e Filhos,84.053.921/0001-02,Eduardo Duarte,vmoreira@example.net,#ERROR!,4912741-3,"45.510,21","77.097,88","91.668,94","8.303,83","3.413,37","8.496,88","48.606,82",03/04/2021,Incidunt a accusantium harum.,http://www.da.br/,21/10/2020,31/10/2021,2021
PROJ-012,Saúde,Concluído,"98,00%",Sim,Convênio,Edital 615/2022,3110/2025,3,Reajuste,Azevedo,94.876.352/0001-59,Dr. Diego Abreu,das-nevesnicole@example.net,71 6490-1757,6634637-2,"407.132,28","230.731,73","159.002,78","22.225,92","18.617,56","7.047,21","47.527,88",28/04/2021,Ipsam quam laudantium.,https://moura.com/,27/05/2020,04/03/2021,2021
PROJ-013,Educação,Em andamento,"76,00%",Não,Acordo,Edital 378/2022,2811/2023,3,Reajuste,da Conceição,86.713.245/0001-81,Antônio Machado,vdas-neves@example.net,0900-305-7388,1895479-1,"140.772,05","99.224,85","247.837,72","6.078,01","15.019,98","11.746,99","47.724,41",17/04/2021,Cum iusto fuga esse.,http://vieira.br/,08/09/2019,16/03/2021,2021
PROJ-014,Segurança,Concluído,"7,00%",Não,Acordo,Edital 272/2023,4515/2024,3,Reajuste,Peixoto,07.194.852/0001-06,Mirella da Mota,das-nevesdavi@example.org,(071) 8159-1154,2139055-3,"174.646,08","265.273,24","176.153,71","15.797,29","5.335,86","8.899,32","15.678,79",12/06/2021,Doloremque culpa cum.,https://moraes.br/,25/04/2019,27/07/2021,2021
PROJ-015,Tecnologia,Em andamento,"24,00%",Não,Acordo,Edital 293/2021,1903/2019,4,Prorrogação,Novaes,50.743.628/0001-55,Sr. Henry Fernandes,da-rochadiego@example.org,41 8290-6230,6523646-5,"52.200,94","144.446,74","150.293,43","9.869,80","17.058,70","3.650,25","7.618,58",14/01/2021,Pariatur velit placeat autem.,http://nascimento.br/,08/11/2019,29/04/2021,2021
PROJ-016,Meio Ambiente,Aberto,"74,00%",Não,Acordo,Edital 946/2020,8456/2022,2,Outros,Monteiro Ltda.,21.893.406/0001-10,Clarice Sá,caldeiramariah@example.net,#ERROR!,6411256-7,"130.823,03","331.023,35","110.098,38","9.581,60","11.256,43","8.624,36","11.421,48",17/06/2021,Vero repellat ipsa velit hic.,https://www.ferreira.org/,07/12/2019,30/05/2021,2021
PROJ-017,Educação,Em andamento,"11,00%",Sim,Convênio,Edital 455/2023,1436/2022,1,Outros,Silva S.A.,83.549.671/0001-33,Sra. Júlia Cavalcante,isisda-costa@example.net,#ERROR!,7435745-1,"416.827,84","100.253,93","154.164,91","9.781,58","16.687,06","8.136,12","39.141,23",17/07/2021,Commodi aliquam vel rem.,https://www.siqueira.br/,13/01/2020,27/05/2021,2021
PROJ-018,Meio Ambiente,Aberto,"20,00%",Não,Acordo,Edital 128/2021,9281/2019,4,Reajuste,Dias Ltda.,08.731.254/0001-91,Dra. Amanda Fonseca,wrios@example.com,#ERROR!,5301320-8,"73.527,53","59.406,84","285.925,96","23.240,77","16.324,41","9.585,50","34.692,89",31/05/2021,Magnam dolorum suscipit.,https://www.novaes.br/,27/05/2020,17/06/2021,2021
PROJ-019,Tecnologia,Em andamento,"53,00%",Não,Acordo,Edital 867/2021,3131/2024,5,Reajuste,Porto,30.697.528/0001-22,Emanuella Moraes,raul67@example.org,#ERROR!,8977289-0,"482.830,73","19.294,91","123.599,24","23.867,02","11.381,05","4.738,95","38.408,89",22/03/2021,Nesciunt eveniet sit nemo.,https://ramos.org/,30/05/2020,26/12/2021,2021
PROJ-020,Tecnologia,Concluído,"25,00%",Sim,Acordo,Edital 999/2024,3918/2024,2,Outros,Cunha,67.531.289/0001-46,Ana Carolina Sousa,enzomontenegro@example.net,#ERROR!,7582079-5,"10.902,54","28.509,86","389.435,20","22.277,29","19.842,24","13.496,29","4.945,10",04/09/2021,Dolorum sed perferendis cum.,http://www.da.com/,27/05/2020,20/10/2021,2021
PROJ-021,Meio Ambiente,Aberto,"69,00%",Não,Convênio,Edital 521/2022,7997/2020,4,Reajuste,da Cunha S.A.,78.130.625/0001-65,Sr. Arthur Martins,qcavalcante@example.com,21 1927 9590,8232719-1,"342.882,39","297.756,90","205.718,09","27.445,30","14.677,36","14.969,23","26.820,07",04/04/2022,Mollitia vel aperiam.,https://www.goncalves.net/,08/05/2021,08/08/2022,2022
PROJ-022,Educação,Concluído,"27,00%",Não,Acordo,Edital 470/2024,7271/2018,2,Reajuste,Pires,08.164.597/0001-11,Clara Ramos,mourajoao-felipe@example.net,#ERROR!,3477848-3,"376.777,84","358.066,10","397.448,24","26.541,26","2.778,87","11.691,90","12.537,73",02/11/2022,Quasi vel eaque corporis.,http://www.alves.br/,24/11/2020,07/11/2022,2022
PROJ-023,Tecnologia,Concluído,"4,00%",Não,Convênio,Edital 853/2022,1302/2023,4,Outros,Vieira Cunha - ME,83.579.462/0001-32,Rhavi Vieira,teixeiraenzo-gabriel@example.org,#ERROR!,1383825-9,"495.611,48","335.042,64","79.655,38","5.347,66","4.736,28","13.283,94","23.656,10",18/07/2022,Minima quis eveniet impedit.,http://www.novais.com/,22/11/2021,29/12/2022,2022
PROJ-024,Meio Ambiente,Em andamento,"94,00%",Não,Acordo,Edital 133/2024,5416/2024,1,Prorrogação,Araújo,98.635.012/0001-97,Valentina da Costa,dborges@example.com,11 6961 5299,9362204-0,"119.423,27","212.223,92","374.288,94","13.775,04","16.575,48","5.714,06","13.730,62",08/09/2022,Possimus sed amet.,https://www.da.com/,10/08/2021,10/02/2022,2022
PROJ-025,Educação,Concluído,"66,00%",Sim,Acordo,Edital 748/2020,9641/2025,2,Reajuste,Costa,82.765.419/0001-07,Luara Nogueira,liz30@example.org,81 2984 6169,5262911-0,"300.911,06","24.874,23","427.734,46","21.533,63","12.124,92","3.214,41","16.321,15",23/08/2022,Tenetur illo itaque.,http://da.net/,30/08/2021,03/05/2022,2022
PROJ-026,Tecnologia,Concluído,"84,00%",Sim,Acordo,Edital 406/2020,3747/2021,3,Outros,Abreu S/A,51.708.639/0001-67,Davi Lucca Fogaça,mourabrayan@example.com,71 2778-3190,5140620-8,"306.248,98","315.418,80","422.510,46","19.011,80","3.343,89","525,06","47.661,99",05/02/2022,Neque illo deserunt.,http://porto.net/,28/09/2020,01/08/2022,2022
PROJ-027,Educação,Aberto,"95,00%",Não,Convênio,Edital 528/2024,4595/2021,3,Reajuste,Ferreira Pastor - EI,56.137.284/0001-17,Sophie Camargo,bda-costa@example.org,#ERROR!,2455623-2,"151.810,45","29.105,81","168.382,41","28.397,86","14.931,20","5.611,56","17.045,96",10/12/2022,Sed ea quidem cumque placeat.,http://siqueira.com/,03/04/2021,29/03/2022,2022
PROJ-028,Meio Ambiente,Em andamento,"5,00%",Não,Convênio,Edital 763/2024,2795/2023,3,Outros,Sá S.A.,86.945.173/0001-06,Marina da Rosa,pietrasiqueira@example.org,(071) 6021 6766,1878916-5,"162.653,05","298.827,15","233.664,52","10.745,53","13.893,66","3.349,73","7.619,48",04/03/2022,Beatae totam libero animi.,https://nascimento.com/,12/11/2020,30/05/2022,2022
PROJ-029,Tecnologia,Aberto,"72,00%",Sim,Acordo,Edital 832/2020,3665/2024,4,Reajuste,Duarte e Filhos,28.457.193/0001-23,Ian Azevedo,dom16@example.net,#ERROR!,7181921-6,"374.171,83","220.395,97","296.269,35","8.089,09","9.554,94","6.291,75","39.840,07",18/01/2022,Mollitia eveniet sunt eos.,https://www.abreu.br/,28/09/2021,05/04/2022,2022
PROJ-030,Educação,Aberto,"31,00%",Sim,Convênio,Edital 139/2022,9987/2021,3,Reajuste,Lopes,38.410.279/0001-54,Davi Lucca Carvalho,casa-grandedavi@example.net,(084) 5343-2596,2483935-3,"159.575,54","152.125,39","203.525,25","8.011,16","15.050,55","2.759,28","22.722,97",19/05/2022,A sed ipsum cupiditate.,https://mendes.br/,30/09/2021,28/09/2022,2022
PROJ-031,Meio Ambiente,Concluído,"91,00%",Não,Acordo,Edital 198/2024,5472/2021,3,Prorrogação,da Rocha,27.693.851/0001-13,Renan Garcia,beniciocamargo@example.com,11 9774-9554,5251023-3,"289.420,35","54.814,19","209.036,43","27.372,89","14.298,30","5.575,25","2.319,10",08/05/2022,Sapiente neque fugit minus.,http://www.freitas.com/,16/11/2020,03/05/2022,2022
PROJ-032,Saúde,Aberto,"97,00%",Sim,Convênio,Edital 504/2024,8651/2022,3,Reajuste,da Mota S.A.,83.961.247/0001-00,Luan Farias,hcardoso@example.net,#ERROR!,9742655-3,"173.455,82","358.891,38","192.389,48","24.652,45","14.617,39","7.218,07","18.697,46",20/06/2022,Exercitationem quis expedita.,https://vasconcelos.com/,18/09/2020,16/01/2022,2022
PROJ-033,Tecnologia,Aberto,"35,00%",Não,Acordo,Edital 717/2023,2754/2020,3,Outros,Brito S.A.,51.607.492/0001-19,Lavínia Almeida,salesmaria@example.net,#ERROR!,2641501-9,"406.187,42","263.858,74","25.289,87","23.605,51","11.987,43","7.832,66","29.530,69",16/04/2022,Sunt sit iste.,https://www.aragao.br/,14/01/2021,02/12/2022,2022
PROJ-034,Segurança,Aberto,"67,00%",Não,Convênio,Edital 414/2022,6085/2025,2,Reajuste,Santos,14.892.075/0001-39,Calebe Vasconcelos,edias@example.com,(051) 7821 1268,5375967-3,"42.771,04","24.796,76","64.900,11","5.788,11","11.974,34","4.403,19","28.545,80",24/05/2022,Laudantium unde minima.,https://www.albuquerque.net/,02/08/2021,02/04/2022,2022
PROJ-035,Segurança,Em andamento,"97,00%",Não,Convênio,Edital 709/2020,2508/2025,3,Reajuste,Monteiro,81.075.394/0001-49,Luiza Fernandes,sampaioaylla@example.net,0800 860 9782,2701381-5,"300.757,71","73.377,81","264.858,12","17.004,23","1.802,65","9.698,30","37.554,54",24/03/2022,Suscipit neque corporis.,http://www.silva.br/,16/04/2021,05/09/2022,2022
PROJ-036,Saúde,Concluído,"68,00%",Sim,Convênio,Edital 853/2020,3854/2018,5,Outros,Novaes Ltda.,81.325.064/0001-64,Lucca Gonçalves,tsilva@example.net,#ERROR!,1991946-4,"200.364,44","385.938,22","141.168,03","3.660,69","16.017,22","7.456,63","24.262,86",04/06/2022,Tempore eius non eaque ad.,http://machado.org/,01/09/2021,02/11/2022,2022
PROJ-037,Educação,Concluído,"77,00%",Sim,Convênio,Edital 710/2022,6412/2019,3,Reajuste,Vasconcelos Cavalcante - EI,90.326.847/0001-53,Joaquim Monteiro,albuquerquealana@example.org,#ERROR!,2379662-0,"99.998,74","60.179,25","410.237,63","21.528,44","13.865,33","3.249,87","29.129,87",07/07/2022,Dolorem quod id at culpa et.,https://da.com/,14/02/2021,04/05/2022,2022
PROJ-038,Saúde,Aberto,"69,00%",Sim,Acordo,Edital 443/2023,8828/2024,2,Reajuste,Costela Ltda.,19.457.680/0001-03,Sr. Ravi da Mata,casa-granderebeca@example.org,#ERROR!,7471523-0,"262.406,73","51.688,54","283.835,06","1.568,57","16.266,74","11.371,57","36.066,53",16/06/2022,Expedita id vitae veniam.,https://www.montenegro.net/,03/12/2021,18/07/2022,2022
PROJ-039,Tecnologia,Em andamento,"26,00%",Sim,Acordo,Edital 450/2020,9426/2023,4,Prorrogação,Dias,40.731.568/0001-05,João Cirino,sara97@example.com,(011) 8320-5263,8189014-8,"22.282,40","216.818,14","349.797,67","23.029,37","8.901,28","3.653,57","22.815,46",30/03/2022,Ab iusto quaerat.,https://ramos.br/,29/06/2021,10/10/2022,2022
PROJ-040,Saúde,Em andamento,"74,00%",Não,Convênio,Edital 312/2020,9781/2020,5,Outros,Jesus Cardoso e Filhos,58.247.013/0001-40,Dr. Ravi Peixoto,ravi58@example.com,(011) 8012-9804,7532661-0,"181.617,21","299.824,97","44.744,28","29.606,03","10.565,42","9.547,17","49.159,85",04/12/2022,Distinctio aut placeat ipsa.,https://aragao.com/,29/07/2021,10/06/2022,2022
PROJ-041,Meio Ambiente,Aberto,"32,00%",Sim,Convênio,Edital 994/2022,2826/2024,2,Prorrogação,Cavalcante Ltda.,52.961.048/0001-60,Manuela Albuquerque,peixotoisabel@example.org,#ERROR!,7818532-9,"319.476,01","300.764,94","404.406,65","19.771,48","12.848,37","12.928,84","6.308,96",23/07/2023,Expedita ad quam tenetur.,http://www.da.com/,03/02/2021,19/08/2023,2023
PROJ-042,Tecnologia,Em andamento,"72,00%",Não,Acordo,Edital 496/2022,8433/2022,4,Reajuste,Machado,91.846.327/0001-34,Danilo Gonçalves,maysamendonca@example.net,(084) 9055 2516,3792851-1,"151.856,70","87.168,34","388.659,52","4.959,47","2.441,75","5.541,11","43.478,21",10/05/2023,Impedit autem pariatur iste.,https://www.nunes.com/,07/06/2022,27/12/2023,2023
PROJ-043,Meio Ambiente,Concluído,"100,00%",Não,Acordo,Edital 848/2021,5303/2024,5,Prorrogação,Macedo,47.269.183/0001-09,Mariana Casa Grande,nunesthiago@example.org,#ERROR!,1319073-2,"279.251,60","390.465,98","325.490,76","12.184,00","13.316,86","8.604,04","39.518,47",12/08/2023,Nihil vero aliquid nam.,http://www.moraes.br/,07/12/2021,01/10/2023,2023
PROJ-044,Segurança,Aberto,"10,00%",Sim,Convênio,Edital 110/2020,9476/2023,5,Prorrogação,Nogueira Martins - ME,69.857.420/0001-95,Maya Casa Grande,gael-henrique33@example.com,0800-694-5295,5930811-0,"342.240,01","73.539,24","301.804,15","22.176,82","18.145,24","6.112,41","8.976,69",20/04/2023,Ullam nam modi.,http://borges.br/,07/10/2021,07/04/2023,2023
PROJ-045,Meio Ambiente,Em andamento,"100,00%",Não,Acordo,Edital 901/2022,5123/2024,5,Reajuste,Monteiro da Mota S.A.,18.542.067/0001-13,Sr. Enzo Gabriel Leão,snunes@example.org,#ERROR!,5104715-2,"468.608,32","156.043,71","171.782,36","1.691,88","4.571,64","4.600,17","36.803,52",08/12/2023,Placeat dolores harum.,https://sales.com/,07/12/2021,27/10/2023,2023
PROJ-046,Saúde,Concluído,"9,00%",Não,Convênio,Edital 557/2021,2083/2018,5,Outros,Leão,28.973.104/0001-00,Sra. Nina Araújo,carolinada-paz@example.org,#ERROR!,7614206-0,"217.952,53","67.608,41","320.934,94","27.210,13","2.345,52","9.676,99","18.702,59",04/10/2023,Pariatur perspiciatis sint.,https://www.cassiano.com/,02/07/2021,12/05/2023,2023
PROJ-047,Educação,Concluído,"52,00%",Sim,Convênio,Edital 704/2022,4704/2025,1,Outros,Mendes,32.815.490/0001-70,Catarina Abreu,yfonseca@example.org,(084) 3686 9367,4415186-8,"397.810,01","322.391,43","232.563,49","26.524,61","13.368,80","6.910,27","12.408,36",25/09/2023,Laborum autem et adipisci.,http://www.martins.org/,06/05/2022,15/10/2023,2023
PROJ-048,Tecnologia,Concluído,"83,00%",Sim,Acordo,Edital 946/2022,2961/2020,5,Prorrogação,Duarte,42.396.517/0001-91,Clara Vasconcelos,asafesiqueira@example.net,11 9569 3321,9400543-6,"195.865,17","298.375,15","131.718,57","6.377,98","9.539,70","867,95","42.776,76",10/11/2023,Libero ut dignissimos ipsa.,https://www.moreira.br/,19/09/2021,31/05/2023,2023
PROJ-049,Meio Ambiente,Em andamento,"35,00%",Sim,Acordo,Edital 627/2020,3809/2020,2,Prorrogação,Caldeira Albuquerque - ME,32.658.149/0001-59,Yan Santos,isabellyvieira@example.org,21 7393-8221,3091289-2,"107.563,31","43.371,96","208.519,99","12.969,56","12.695,11","3.992,06","35.603,67",22/12/2023,Veniam est molestias facere.,http://da.net/,03/02/2022,01/11/2023,2023
PROJ-050,Segurança,Em andamento,"78,00%",Não,Convênio,Edital 117/2020,4884/2021,3,Reajuste,Moreira,36.582.901/0001-86,Mateus Melo,joaoporto@example.org,#ERROR!,7309835-6,"421.508,33","170.003,08","354.103,22","19.147,64","13.388,89","2.477,25","39.186,91",08/09/2023,Eius nemo nam accusantium.,http://borges.org/,17/02/2021,04/07/2023,2023
PROJ-051,Saúde,Em andamento,"9,00%",Sim,Acordo,Edital 730/2023,5374/2020,2,Prorrogação,Silveira Moreira - EI,83.612.540/0001-53,Natália Cunha,nascimentobruno@example.com,#ERROR!,4964791-3,"273.909,67","153.586,56","324.498,48","7.449,25","15.403,65","8.565,10","12.297,16",26/05/2023,Harum cum omnis.,https://www.guerra.br/,23/09/2021,18/06/2023,2023
PROJ-052,Meio Ambiente,Em andamento,"0,00%",Não,Convênio,Edital 833/2023,1272/2020,1,Outros,Campos Macedo - ME,23.498.015/0001-27,Sr. Augusto Ramos,theodoro80@example.org,(041) 7752-0339,7632425-5,"403.242,63","192.589,08","355.665,20","22.874,39","3.206,23","14.345,61","23.251,03",16/12/2023,Ad odit eius omnis.,http://fernandes.com/,07/10/2022,13/12/2023,2023
PROJ-053,Segurança,Aberto,"78,00%",Sim,Convênio,Edital 483/2020,8252/2022,3,Prorrogação,da Conceição - EI,97.658.012/0001-40,Ana Cecília Moreira,pintokaique@example.com,0300 641 5398,4489297-7,"372.680,20","159.866,38","378.836,34","26.262,04","4.239,42","2.166,74","46.642,92",17/01/2023,In libero omnis.,https://leao.com/,25/08/2022,05/12/2023,2023
PROJ-054,Tecnologia,Em andamento,"2,00%",Sim,Convênio,Edital 982/2020,4946/2018,1,Outros,Guerra S/A,12.374.860/0001-74,Ravi da Conceição,giovannacostela@example.com,0300-165-8330,2517449-4,"421.716,06","11.349,65","289.016,04","3.527,71","7.440,37","5.394,30","22.769,60",20/02/2023,Consequuntur quo accusamus.,http://almeida.br/,21/03/2021,12/09/2023,2023
PROJ-055,Saúde,Em andamento,"56,00%",Sim,Convênio,Edital 919/2020,3448/2025,5,Prorrogação,da Luz Andrade - ME,09.427.516/0001-91,Juan Alves,almeidagael@example.org,#ERROR!,6204125-6,"379.668,34","284.968,20","6.549,38","16.114,29","10.345,19","5.130,74","14.375,19",11/02/2023,Tenetur ad pariatur eos.,https://nunes.br/,19/07/2022,19/01/2023,2023
PROJ-056,Educação,Aberto,"2,00%",Não,Acordo,Edital 756/2022,2930/2024,1,Reajuste,da Mata - EI,13.609.852/0001-22,Sr. Arthur Gabriel Fonseca,anthonycastro@example.net,#ERROR!,5460742-5,"12.479,25","324.613,30","76.115,86","13.272,37","13.799,98","3.437,97","1.209,45",02/09/2023,Quis quas magni repellat.,http://www.ferreira.com/,05/05/2022,06/10/2023,2023
PROJ-057,Meio Ambiente,Aberto,"63,00%",Sim,Acordo,Edital 818/2024,2443/2024,1,Outros,Aparecida Castro - EI,23.179.640/0001-06,Rhavi Nascimento,nascimentolucca@example.org,41 8317-1378,6942548-9,"167.416,70","34.539,23","359.752,47","7.190,83","1.782,62","1.840,05","26.229,33",24/04/2023,Minima eaque sit quod.,https://da.net/,15/11/2021,09/04/2023,2023
PROJ-058,Tecnologia,Em andamento,"27,00%",Não,Convênio,Edital 924/2022,1833/2024,5,Prorrogação,Borges Sousa - ME,61.389.507/0001-73,Dra. Eloá Rocha,nascimentodaniela@example.com,#ERROR!,3723124-6,"215.086,29","393.883,57","93.334,35","2.364,90","16.784,63","12.712,23","35.872,67",15/12/2023,Quia ad quaerat magni.,https://da.br/,31/05/2021,09/12/2023,2023
PROJ-059,Segurança,Em andamento,"69,00%",Não,Acordo,Edital 745/2023,5420/2019,1,Prorrogação,Rocha,43.872.901/0001-86,Sr. Luiz Fernando da Cruz,rochalarissa@example.org,#ERROR!,5862918-0,"178.230,97","230.065,64","141.261,93","14.545,39","3.818,56","632,11","46.389,61",08/12/2023,Porro unde cum quam.,http://www.camara.org/,18/01/2021,14/06/2023,2023
PROJ-060,Saúde,Em andamento,"30,00%",Sim,Convênio,Edital 162/2020,1478/2023,1,Reajuste,Nascimento,25.137.860/0001-00,Eloah da Conceição,brunooliveira@example.org,21 3663 8288,7761716-5,"440.590,82","311.335,18","288.044,36","18.200,81","12.427,14","11.562,92","13.512,11",04/02/2023,Ad quas sit quod.,http://costa.com/,05/04/2022,16/10/2023,2023
PROJ-061,Meio Ambiente,Concluído,"97,00%",Não,Acordo,Edital 422/2024,5199/2025,3,Outros,Costa,73.046.982/0001-26,Davi Lucas Albuquerque,viniciusrezende@example.com,#ERROR!,8538173-4,"86.567,95","186.286,69","96.191,40","3.550,72","14.857,97","10.252,13","2.985,60",02/01/2024,Aspernatur iusto eligendi.,https://www.brito.org/,25/09/2023,09/06/2024,2024
PROJ-062,Educação,Concluído,"2,00%",Sim,Acordo,Edital 443/2023,7234/2021,2,Prorrogação,Azevedo Silva Ltda.,19.487.205/0001-71,Dr. Kaique Marques,ianfonseca@example.net,#ERROR!,3799685-1,"460.558,45","85.843,61","261.117,22","4.314,31","1.879,23","4.367,75","34.252,51",30/08/2024,Corporis vitae quo voluptate.,http://silveira.br/,10/07/2022,20/01/2024,2024
PROJ-063,Saúde,Em andamento,"44,00%",Não,Acordo,Edital 542/2024,6718/2023,4,Outros,Garcia S.A.,64.298.357/0001-80,Clarice Sousa,grodrigues@example.com,#ERROR!,8824923-6,"43.553,68","70.420,50","385.574,75","1.351,27","1.002,05","7.547,19","43.624,16",27/08/2024,Temporibus dolore quos minus.,https://www.pires.br/,19/09/2023,30/10/2024,2024
PROJ-064,Saúde,Concluído,"2,00%",Não,Acordo,Edital 393/2020,2515/2024,1,Prorrogação,da Costa,31.720.489/0001-08,Srta. Mariana Caldeira,lda-cunha@example.net,84 5793 8857,3778834-1,"257.909,66","374.310,37","90.543,34","18.755,99","17.344,05","11.158,27","19.234,12",23/06/2024,Exercitationem vitae neque.,https://www.fernandes.com/,19/10/2023,12/12/2024,2024
PROJ-065,Saúde,Concluído,"99,00%",Não,Acordo,Edital 205/2020,2052/2022,1,Outros,Guerra Pires e Filhos,75.109.628/0001-29,Maria Helena Souza,luaradias@example.com,(061) 3415 1785,9917176-7,"419.491,66","102.495,67","103.126,41","29.916,50","7.961,61","13.294,62","14.454,54",16/02/2024,Eius dignissimos non ab.,http://caldeira.com/,20/08/2023,12/09/2024,2024
PROJ-066,Saúde,Em andamento,"72,00%",Sim,Acordo,Edital 716/2024,2671/2023,5,Reajuste,Almeida S.A.,39.048.176/0001-59,Dra. Caroline Azevedo,krocha@example.net,0800-917-2656,3914943-2,"258.893,98","353.429,41","366.356,58","4.890,52","19.159,09","3.975,86","3.627,34",18/10/2024,Ut vero doloribus est.,http://www.melo.br/,26/05/2022,08/07/2024,2024
PROJ-067,Educação,Aberto,"61,00%",Sim,Convênio,Edital 765/2020,5292/2019,4,Reajuste,da Costa da Cunha e Filhos,79.348.205/0001-12,Sra. Maria Luísa Camargo,bviana@example.org,(071) 8025 1883,3337470-6,"174.319,77","350.430,63","10.921,83","4.516,15","8.778,22","11.260,06","47.675,06",20/09/2024,Est totam accusamus.,https://www.borges.com/,27/11/2023,25/12/2024,2024
PROJ-068,Educação,Concluído,"11,00%",Sim,Acordo,Edital 311/2023,8437/2020,2,Reajuste,Araújo,16.238.049/0001-17,Allana Sampaio,britorodrigo@example.net,41 3640-0244,3898406-4,"429.574,02","394.931,79","389.106,21","3.223,76","15.016,99","3.300,01","21.739,23",13/07/2024,Atque voluptate sit corporis.,https://lima.com/,06/06/2022,15/06/2024,2024
PROJ-069,Meio Ambiente,Aberto,"8,00%",Sim,Convênio,Edital 215/2024,4013/2025,5,Reajuste,Mendonça,21.856.374/0001-83,Ravi Marques,borgesthales@example.com,21 7002-8794,7633919-8,"197.713,68","154.045,46","440.445,86","20.800,17","2.778,13","3.871,43","45.309,58",03/07/2024,Ipsum totam harum sed.,http://www.souza.br/,14/02/2022,10/06/2024,2024
PROJ-070,Meio Ambiente,Concluído,"4,00%",Não,Acordo,Edital 166/2023,3598/2020,1,Outros,Campos,54.628.013/0001-39,Melissa Abreu,tda-rocha@example.net,#ERROR!,3217020-5,"499.260,08","144.823,13","344.711,39","17.065,12","10.385,56","14.334,85","38.313,07",24/01/2024,Quibusdam quas velit sint.,https://www.pires.net/,15/09/2023,31/07/2024,2024
PROJ-071,Saúde,Em andamento,"62,00%",Sim,Convênio,Edital 437/2024,2252/2021,5,Reajuste,Souza S.A.,32.754.869/0001-18,Heitor da Cruz,camposrhavi@example.com,#ERROR!,5184660-3,"352.033,98","199.128,01","301.001,76","29.928,42","16.159,69","7.024,79","37.630,04",25/03/2024,Neque distinctio autem.,https://viana.br/,31/12/2022,30/04/2024,2024
PROJ-072,Segurança,Aberto,"85,00%",Sim,Convênio,Edital 689/2022,2514/2018,4,Prorrogação,Gonçalves e Filhos,18.435.972/0001-74,Mateus Aragão,heloisa89@example.com,(071) 2696 7246,2219484-3,"138.934,93","109.053,40","341.027,12","15.265,53","10.954,28","12.999,04","11.771,71",10/06/2024,Ipsum quidem assumenda ut.,https://cassiano.com/,16/01/2023,10/04/2024,2024
PROJ-073,Saúde,Em andamento,"11,00%",Não,Convênio,Edital 515/2024,7622/2022,3,Prorrogação,Peixoto Ltda.,94.028.615/0001-70,Maria Helena Barbosa,juliana31@example.com,#ERROR!,2987606-7,"237.162,34","106.558,26","345.494,41","12.866,16","8.800,32","10.389,09","32.575,62",16/03/2024,Laudantium itaque minus esse.,http://campos.com/,06/04/2023,15/04/2024,2024
PROJ-074,Saúde,Aberto,"80,00%",Sim,Convênio,Edital 942/2021,8538/2024,3,Outros,da Cunha e Filhos,34.218.679/0001-01,Maria Laura Vieira,smacedo@example.com,#ERROR!,5938924-8,"258.230,81","154.760,13","93.744,84","4.910,88","2.625,56","11.667,37","48.898,16",02/08/2024,Tempora ad nam eos.,http://www.porto.br/,07/12/2022,08/12/2024,2024
PROJ-075,Tecnologia,Em andamento,"81,00%",Não,Acordo,Edital 148/2022,4801/2023,5,Outros,Melo Ltda.,62.987.304/0001-41,Luísa Jesus,leticiajesus@example.org,0900-821-3045,6740720-6,"363.972,22","264.485,32","182.727,67","27.317,05","17.972,03","5.840,61","25.458,84",24/06/2024,Ipsam tempora saepe.,http://www.da.org/,14/01/2023,17/02/2024,2024
PROJ-076,Saúde,Em andamento,"73,00%",Sim,Convênio,Edital 456/2022,2637/2020,1,Reajuste,das Neves Costa - ME,03.412.567/0001-63,Sr. Gustavo Azevedo,nicolerodrigues@example.net,(051) 9008 8712,5120582-9,"155.554,32","340.346,68","216.913,87","10.430,87","18.093,05","10.473,09","45.432,75",24/02/2024,Eum rerum animi cum enim.,https://sampaio.com/,20/11/2022,18/04/2024,2024
PROJ-077,Educação,Concluído,"68,00%",Sim,Convênio,Edital 531/2021,4181/2022,5,Outros,Duarte,87.102.436/0001-70,Dra. Lorena Souza,rochavicente@example.net,71 6964 8132,9156526-5,"149.900,02","391.083,89","103.184,18","16.120,60","15.114,37","6.214,41","44.022,05",04/05/2024,Quas fuga quaerat non.,http://melo.net/,15/08/2022,15/01/2024,2024
PROJ-078,Saúde,Concluído,"59,00%",Não,Convênio,Edital 872/2024,2107/2021,2,Prorrogação,Peixoto,45.897.023/0001-89,Lucas Nascimento,da-luzian@example.org,#ERROR!,9740013-2,"49.045,49","361.332,14","403.950,39","22.624,87","4.046,62","1.347,42","44.722,03",13/02/2024,Praesentium libero esse.,http://www.aragao.net/,16/08/2023,18/05/2024,2024
PROJ-079,Segurança,Em andamento,"95,00%",Sim,Acordo,Edital 651/2022,8333/2018,1,Outros,Gonçalves Costa - ME,97.836.412/0001-06,Sr. Rafael da Costa,wcorreia@example.org,#ERROR!,6040906-5,"496.828,56","121.007,70","154.366,29","19.659,74","18.832,91","11.205,08","46.975,96",19/08/2024,Et a molestiae.,https://leao.br/,24/09/2023,07/05/2024,2024
PROJ-080,Tecnologia,Em andamento,"69,00%",Não,Acordo,Edital 623/2021,5174/2021,3,Prorrogação,Castro,62.034.578/0001-16,Pietro Caldeira,urios@example.net,31 0363 6937,5329352-8,"21.315,35","293.865,74","17.299,12","23.541,96","11.978,76","5.844,41","20.676,58",13/09/2024,Ducimus totam animi.,https://www.ramos.com/,10/07/2023,28/10/2024,2024
PROJ-081,Educação,Em andamento,"45,00%",Não,Acordo,Edital 997/2021,1435/2021,4,Prorrogação,Dias,43.276.508/0001-20,Ester Aparecida,maria-helenacastro@example.net,#ERROR!,7286438-0,"21.867,16","197.625,45","419.157,08","6.991,93","14.332,68","11.056,16","21.609,02",27/06/2025,Unde iste hic accusantium.,https://www.camara.net/,16/12/2024,05/12/2025,2025
PROJ-082,Educação,Concluído,"79,00%",Sim,Convênio,Edital 641/2024,6446/2021,1,Outros,Cunha,84.730.956/0001-39,Agatha Dias,isabela69@example.net,(021) 0624 5733,5088924-4,"11.510,33","103.178,19","226.033,87","8.906,56","17.004,19","14.242,48","30.342,54",11/04/2025,Dolor aliquid dolor.,https://pereira.org/,16/02/2024,11/09/2025,2025
PROJ-083,Educação,Concluído,"97,00%",Sim,Convênio,Edital 539/2021,2709/2023,1,Outros,Andrade Ltda.,21.093.578/0001-00,Carlos Eduardo Câmara,leopereira@example.net,(041) 1536-6334,6659503-5,"327.071,91","242.984,68","408.539,53","22.544,21","12.832,79","3.926,70","7.312,61",23/04/2025,Voluptatem harum facere.,http://marques.com/,16/06/2024,29/09/2025,2025
PROJ-084,Educação,Em andamento,"9,00%",Não,Convênio,Edital 344/2022,5203/2024,2,Reajuste,da Cruz - ME,05.749.623/0001-85,Lunna Alves,jadesousa@example.com,0300-957-8502,8055904-9,"492.200,76","230.767,68","48.040,00","29.466,14","8.583,11","12.746,86","24.054,50",23/10/2025,Deserunt laboriosam nostrum.,http://www.caldeira.net/,07/05/2024,17/08/2025,2025
PROJ-085,Meio Ambiente,Concluído,"53,00%",Não,Convênio,Edital 286/2021,9584/2018,3,Reajuste,Machado Dias - ME,32.049.571/0001-07,João Pedro Andrade,novaisluiz-henrique@example.com,#ERROR!,6711119-7,"405.861,57","261.862,10","83.782,13","10.369,55","9.668,00","12.336,08","33.143,43",21/02/2025,Itaque sit non expedita.,http://vasconcelos.com/,23/04/2023,14/12/2025,2025
PROJ-086,Educação,Concluído,"63,00%",Sim,Acordo,Edital 311/2024,5124/2018,3,Outros,Peixoto,08.216.537/0001-03,Yuri Câmara,gda-cunha@example.net,(084) 5540-3279,2764798-0,"226.847,64","292.846,12","177.645,83","2.889,01","8.114,46","12.551,89","17.456,10",04/10/2025,Voluptas et ducimus possimus.,https://sampaio.com/,24/05/2024,24/05/2025,2025
PROJ-087,Tecnologia,Concluído,"34,00%",Não,Convênio,Edital 750/2021,2210/2025,5,Reajuste,Barbosa,96.327.580/0001-03,Fernanda Abreu,steixeira@example.org,#ERROR!,2707585-8,"309.609,28","168.610,45","52.641,04","22.492,57","7.174,03","4.709,00","4.689,50",20/08/2025,Perferendis cumque quibusdam.,http://leao.com/,24/01/2024,15/08/2025,2025
PROJ-088,Tecnologia,Em andamento,"49,00%",Não,Acordo,Edital 419/2021,8399/2025,5,Prorrogação,Porto,46.039.218/0001-50,Gabriela Costa,pachecofernanda@example.com,71 0005-3445,5264668-8,"170.563,18","297.502,18","428.060,13","12.293,69","11.777,49","5.277,71","22.927,91",31/03/2025,Non commodi a.,http://www.da.com/,07/12/2024,04/10/2025,2025
PROJ-089,Meio Ambiente,Em andamento,"30,00%",Não,Acordo,Edital 909/2024,2778/2018,1,Prorrogação,Silva,05.684.397/0001-00,Sra. Emanuelly Costela,pedro-henrique77@example.com,#ERROR!,6112845-3,"310.791,96","380.283,69","429.948,83","19.583,48","11.510,82","9.195,79","40.119,80",24/03/2025,Magni quas quasi.,http://www.sousa.br/,11/09/2024,21/09/2025,2025
PROJ-090,Tecnologia,Em andamento,"46,00%",Sim,Convênio,Edital 360/2021,2095/2022,3,Prorrogação,Ribeiro,49.705.318/0001-67,Júlia Martins,psilveira@example.net,#ERROR!,2141533-9,"271.202,34","323.158,86","132.027,05","26.186,26","1.604,17","5.214,24","3.707,67",17/03/2025,Eum autem quod nobis tempore.,http://macedo.com/,10/02/2023,23/07/2025,2025
PROJ-091,Tecnologia,Em andamento,"81,00%",Não,Convênio,Edital 203/2020,2440/2021,4,Outros,Alves Aragão - EI,38.520.169/0001-45,Dra. Antonella da Rosa,theofogaca@example.net,(011) 4271-8206,4246920-7,"301.605,01","345.956,20","57.020,04","17.219,89","1.810,54","14.431,54","15.471,74",10/02/2025,Eos modi facilis et eos.,https://www.aragao.com/,25/04/2023,22/06/2025,2025
PROJ-092,Saúde,Em andamento,"11,00%",Não,Convênio,Edital 434/2022,4444/2021,2,Prorrogação,Vargas Ltda.,92.143.708/0001-10,Isaac Andrade,jdas-neves@example.com,#ERROR!,8727373-8,"131.931,99","209.292,31","373.468,17","4.307,00","9.586,01","12.814,13","30.739,30",21/03/2025,Nam iure earum itaque.,https://www.da.com/,03/03/2023,21/09/2025,2025
PROJ-093,Meio Ambiente,Aberto,"0,00%",Não,Acordo,Edital 372/2024,7203/2021,1,Prorrogação,Castro,92.785.601/0001-75,Ana Laura da Costa,ana-julia81@example.com,(051) 9960 2264,2233130-5,"185.387,60","239.009,43","337.879,46","18.242,27","1.150,71","14.493,58","13.952,14",14/04/2025,Explicabo natus omnis amet.,http://azevedo.org/,13/09/2024,27/06/2025,2025
PROJ-094,Segurança,Aberto,"48,00%",Não,Convênio,Edital 378/2023,4111/2022,1,Reajuste,Cirino - EI,86.721.435/0001-40,Dom Carvalho,wcosta@example.com,#ERROR!,2919711-5,"164.903,05","365.211,14","68.637,44","7.487,80","15.298,28","9.952,75","8.910,33",18/04/2025,Veniam perspiciatis eveniet.,https://www.melo.br/,23/05/2023,17/05/2025,2025
PROJ-095,Tecnologia,Em andamento,"79,00%",Sim,Acordo,Edital 761/2024,3258/2019,2,Outros,Rezende,83.240.657/0001-53,Valentina Nunes,trodrigues@example.org,84 1894 7918,4879429-4,"247.354,27","281.255,92","180.834,11","12.639,94","2.844,58","14.802,26","38.128,54",15/07/2025,Ipsam dolorum quaerat odio.,https://www.azevedo.br/,21/08/2024,15/09/2025,2025
PROJ-096,Educação,Em andamento,"13,00%",Sim,Acordo,Edital 661/2023,7150/2019,1,Reajuste,Almeida Porto e Filhos,87.493.602/0001-06,Sr. Lucas Gabriel Ferreira,mmoura@example.net,(084) 8485-0283,8484120-2,"121.830,59","235.920,17","351.026,47","19.980,39","13.016,27","3.012,41","49.977,69",29/11/2025,Fuga consequatur illo.,https://lima.com/,17/04/2024,15/11/2025,2025
PROJ-097,Saúde,Aberto,"79,00%",Sim,Convênio,Edital 959/2021,1385/2022,5,Outros,da Paz,48.071.623/0001-81,Arthur Gabriel Novais,sarah11@example.org,#ERROR!,9453581-6,"96.549,95","21.022,60","264.475,18","1.012,06","1.793,59","8.466,96","2.504,11",28/01/2025,Modi aut dolor itaque.,https://jesus.br/,26/08/2023,15/12/2025,2025
PROJ-098,Saúde,Aberto,"76,00%",Não,Acordo,Edital 667/2020,9725/2019,4,Reajuste,Rocha,51.096.837/0001-17,Sara Gomes,fariasjoaquim@example.com,#ERROR!,3351627-9,"225.219,81","265.882,86","261.885,86","21.851,70","19.985,16","13.641,72","9.795,10",24/06/2025,Ullam amet eius amet.,http://www.vargas.br/,14/08/2024,07/11/2025,2025
PROJ-099,Saúde,Concluído,"32,00%",Não,Convênio,Edital 147/2023,6262/2021,4,Reajuste,Viana Ltda.,69.807.514/0001-50,Carolina Viana,nicolesales@example.net,84 9752 0783,1113485-1,"274.971,08","56.095,35","58.988,94","1.428,71","8.751,02","4.939,29","16.942,72",27/11/2025,Maiores delectus ipsa a.,https://www.lopes.com/,16/06/2024,02/08/2025,2025
PROJ-100,Educação,Aberto,"18,00%",Sim,Acordo,Edital 187/2020,8389/2019,4,Prorrogação,das Neves S.A.,12.394.860/0001-36,Maysa Fonseca,thiagosampaio@example.org,41 5926 3560,5059551-2,"354.064,97","284.714,06","207.774,39","9.471,43","14.915,74","4.418,31","28.713,76",09/03/2025,Iste iusto laudantium quod.,https://viana.org/,24/07/2024,26/01/2025,2025
